City_ID,City,Country,Date,Lat,Lng,Max Temp,Humidity,Cloudiness,Wind Speed
0,Albany,US,2022-03-13 21:43:34,42.6001,-73.9662,34.29,37,100,8.1
1,Kahului,US,2022-03-13 21:41:18,20.8947,-156.47,86.02,45,20,20.71
2,Baruun-Urt,MN,2022-03-13 21:43:35,46.6806,113.2792,18.7,89,37,5.73
3,Faanui,PF,2022-03-13 21:43:35,-16.4833,-151.75,81.28,72,93,8.97
4,Broome,US,2022-03-13 21:38:40,42.2506,-75.833,29.46,55,100,16.11
5,Ponta Do Sol,PT,2022-03-13 21:43:36,32.6667,-17.1,62.06,60,31,22.3
6,Puerto Ayora,EC,2022-03-13 21:43:36,-0.7393,-90.3518,87.76,89,48,3.0
7,Ushuaia,AR,2022-03-13 21:40:50,-54.8,-68.3,42.46,81,100,24.16
8,Cape Town,ZA,2022-03-13 21:43:36,-33.9258,18.4232,61.21,59,40,11.5
9,Yemelyanovo,RU,2022-03-13 21:43:37,56.1681,92.6767,-12.19,77,0,2.24
10,Saldanha,ZA,2022-03-13 21:39:35,-33.0117,17.9442,57.25,62,100,20.67
11,Busselton,AU,2022-03-13 21:43:37,-33.65,115.3333,63.36,90,12,7.74
12,Iqaluit,CA,2022-03-13 21:43:38,63.7506,-68.5145,-16.87,69,75,3.44
13,Nichinan,JP,2022-03-13 21:43:38,31.6,131.3667,62.28,91,18,5.3
14,Sao Miguel Do Araguaia,BR,2022-03-13 21:43:38,-13.275,-50.1628,77.05,84,89,4.0
15,Chokurdakh,RU,2022-03-13 21:43:39,70.6333,147.9167,-10.89,93,100,4.65
16,Lavrentiya,RU,2022-03-13 21:43:39,65.5833,-171.0,9.05,71,1,4.07
17,Hobart,AU,2022-03-13 21:43:39,-42.8794,147.3294,62.46,82,75,9.22
18,Rikitea,PF,2022-03-13 21:43:40,-23.1203,-134.9692,80.13,72,99,15.05
19,Joigny,FR,2022-03-13 21:43:40,47.9829,3.401,40.8,93,100,11.86
20,Bluff,NZ,2022-03-13 21:43:40,-46.6,168.3333,60.8,75,11,4.34
21,Kaitangata,NZ,2022-03-13 21:43:41,-46.2817,169.8464,60.6,69,10,2.28
22,Hofn,IS,2022-03-13 21:43:41,64.2539,-15.2082,35.98,48,61,10.02
23,Glenwood Springs,US,2022-03-13 21:43:42,39.5505,-107.3248,50.81,53,100,8.05
24,Upernavik,GL,2022-03-13 21:43:42,72.7868,-56.1549,-14.04,100,56,11.21
25,Castro,BR,2022-03-13 21:43:42,-24.7911,-50.0119,64.11,98,100,2.26
26,Semirom,IR,2022-03-13 21:43:43,31.4167,51.5667,38.28,94,85,7.63
27,Panjab,AF,2022-03-13 21:43:43,34.388,67.0233,30.7,90,68,3.04
28,Cherskiy,RU,2022-03-13 21:43:43,68.75,161.3,-13.85,98,99,3.67
29,Mataura,NZ,2022-03-13 21:43:44,-46.1927,168.8643,60.48,64,18,2.59
30,Fayaoue,NC,2022-03-13 21:43:44,-20.65,166.5333,82.0,75,47,7.05
31,Pouebo,NC,2022-03-13 21:43:44,-20.4,164.5667,81.54,78,86,7.94
32,Tondela,PT,2022-03-13 21:43:45,40.5167,-8.0833,47.62,90,57,4.47
33,Tabory,RU,2022-03-13 21:43:45,58.5198,64.5495,3.51,98,98,4.34
34,Punta Arenas,CL,2022-03-13 21:43:46,-53.15,-70.9167,48.31,53,40,32.21
35,Portlethen,GB,2022-03-13 21:43:46,57.0547,-2.1307,45.77,94,75,23.02
36,Jalna,IN,2022-03-13 21:43:46,19.8333,75.8833,76.14,16,1,6.51
37,San Ignacio,BZ,2022-03-13 21:43:47,17.1561,-89.0714,69.94,94,100,6.91
38,Oktyabrskiy,RU,2022-03-13 21:43:47,54.4815,53.471,6.24,96,99,5.88
39,Cayenne,GF,2022-03-13 21:43:47,4.9333,-52.3333,75.24,1,100,4.61
40,Carnarvon,AU,2022-03-13 21:43:48,-24.8667,113.6333,73.47,78,0,10.36
41,Mao,ES,2022-03-13 21:43:48,39.8885,4.2658,55.96,94,20,5.75
42,Chuy,UY,2022-03-13 21:43:48,-33.6971,-53.4616,62.64,72,2,7.05
43,Ambon,ID,2022-03-13 21:43:49,-3.6954,128.1814,75.34,94,40,8.05
44,Agadez,NE,2022-03-13 21:44:49,19.75,10.25,65.95,11,0,7.87
45,Mecca,SA,2022-03-13 21:40:58,21.4267,39.8261,70.83,61,2,5.44
46,San Quintin,MX,2022-03-13 21:44:50,30.4833,-115.95,63.88,59,0,19.24
47,Katangli,RU,2022-03-13 21:44:50,51.7102,143.2326,9.64,97,100,1.54
48,Samarai,PG,2022-03-13 21:44:50,-10.6167,150.6667,84.31,73,41,13.15
49,Clyde River,CA,2022-03-13 21:44:51,70.4692,-68.5914,-16.37,69,100,10.36
50,Aklavik,CA,2022-03-13 21:44:51,68.2191,-135.0107,0.01,79,19,11.95
51,Kroya,ID,2022-03-13 21:44:52,-7.6331,109.2461,78.31,89,93,3.15
52,Souillac,MU,2022-03-13 21:44:52,-20.5167,57.5167,79.18,89,40,11.5
53,San Luis,AR,2022-03-13 21:44:52,-33.295,-66.3356,76.19,38,0,4.99
54,Hermanus,ZA,2022-03-13 21:44:53,-34.4187,19.2345,57.79,58,96,14.58
55,Talcahuano,CL,2022-03-13 21:44:53,-36.7167,-73.1167,74.88,50,0,9.22
56,Paracuru,BR,2022-03-13 21:44:53,-3.41,-39.0306,82.11,82,100,5.68
57,Chumikan,RU,2022-03-13 21:44:54,54.7183,135.315,9.46,95,100,4.32
58,Akureyri,IS,2022-03-13 21:44:54,65.6835,-18.0878,31.93,69,0,8.05
59,Blagoyevo,RU,2022-03-13 21:44:54,63.3667,47.9167,16.43,94,99,7.43
60,Kawasaki,JP,2022-03-13 21:44:55,35.5206,139.7172,63.18,91,75,15.99
61,Bengkulu,ID,2022-03-13 21:44:55,-3.8004,102.2655,76.48,90,100,6.08
62,Mashhad,IR,2022-03-13 21:44:55,36.297,59.6062,48.34,100,40,4.61
63,Butaritari,KI,2022-03-13 21:44:56,3.0707,172.7902,81.5,74,10,20.89
64,Huanta,PE,2022-03-13 21:44:56,-12.9333,-74.25,64.8,67,98,4.18
65,Mahebourg,MU,2022-03-13 21:44:56,-20.4081,57.7,79.25,89,40,11.5
66,Maragogi,BR,2022-03-13 21:44:57,-9.0122,-35.2225,80.73,76,100,9.89
67,Maceio,BR,2022-03-13 21:44:29,-9.6658,-35.7353,80.04,83,75,5.75
68,Kapaa,US,2022-03-13 21:44:57,22.0752,-159.319,82.38,67,40,9.22
69,Umm Kaddadah,SD,2022-03-13 21:44:58,13.6017,26.6876,71.28,15,46,17.92
70,Fortuna,US,2022-03-13 21:44:58,40.5982,-124.1573,58.93,60,75,8.05
71,Kyabe,TD,2022-03-13 21:44:58,9.4515,18.9449,87.89,28,13,4.25
72,Grindavik,IS,2022-03-13 21:44:59,63.8424,-22.4338,36.07,80,40,16.11
73,Warrensburg,US,2022-03-13 21:42:45,38.7628,-93.7361,64.56,33,0,16.11
74,Thompson,CA,2022-03-13 21:41:43,55.7435,-97.8558,15.96,57,100,19.57
75,Miranda,CO,2022-03-13 21:44:59,3.2499,-76.2281,84.33,64,60,0.54
76,Ostrovnoy,RU,2022-03-13 21:45:00,68.0531,39.5131,26.2,87,100,2.62
77,Beloha,MG,2022-03-13 21:45:00,-25.1667,45.05,73.44,80,100,9.08
78,Bobo Dioulasso,BF,2022-03-13 21:45:00,11.1771,-4.2979,86.45,23,98,2.3
79,Arman,RU,2022-03-13 21:45:01,59.7,150.1667,7.02,75,100,5.91
80,Lebu,CL,2022-03-13 21:45:01,-37.6167,-73.65,60.8,73,2,21.72
81,Bushehr,IR,2022-03-13 21:45:01,28.9684,50.8385,69.89,73,75,9.22
82,Lyngseidet,NO,2022-03-13 21:45:02,69.5763,20.2189,32.99,66,53,9.75
83,Port Keats,AU,2022-03-13 21:45:02,-14.25,129.55,78.15,86,91,3.36
84,Hithadhoo,MV,2022-03-13 21:44:55,-0.6,73.0833,82.94,71,97,6.71
85,Lata,PT,2022-03-13 21:45:03,40.1629,-8.3327,49.08,89,64,4.09
86,Miandrivazo,MG,2022-03-13 21:45:04,-19.5167,45.4667,78.33,85,98,1.43
87,Nome,US,2022-03-13 21:45:04,64.5011,-165.4064,23.07,28,0,14.97
88,Nanortalik,GL,2022-03-13 21:45:05,60.1432,-45.2371,30.79,70,100,55.36
89,Dovbysh,UA,2022-03-13 21:45:05,50.3733,27.9874,28.29,73,35,3.18
90,Victoria,HK,2022-03-13 21:43:42,22.2855,114.1577,74.17,90,57,1.01
91,Puerto Ayacucho,VE,2022-03-13 21:46:06,5.6639,-67.6236,74.66,96,100,2.73
92,Oussouye,SN,2022-03-13 21:46:06,12.485,-16.5469,78.98,65,19,5.66
93,Katsuura,JP,2022-03-13 21:46:07,35.1333,140.3,62.62,83,100,27.6
94,Doha,QA,2022-03-13 21:42:35,25.2867,51.5333,71.91,91,40,8.05
95,Asfi,MA,2022-03-13 21:46:07,32.2994,-9.2372,59.41,90,95,8.95
96,Fairbanks,US,2022-03-13 21:42:00,64.8378,-147.7164,13.48,36,0,8.05
97,Tambun,ID,2022-03-13 21:46:08,-6.2641,107.0712,84.47,86,100,0.83
98,Constitucion,CL,2022-03-13 21:46:08,-35.3333,-72.4167,66.83,67,9,8.01
99,Gazojak,TM,2022-03-13 21:46:09,41.1875,61.4036,51.35,39,100,10.63
100,Port Blair,IN,2022-03-13 21:46:09,11.6667,92.75,77.04,94,20,2.3
101,Varberg,SE,2022-03-13 21:46:09,57.1056,12.2508,43.05,28,5,15.55
102,Hambantota,LK,2022-03-13 21:46:10,6.1241,81.1185,77.34,100,40,3.44
103,Changli,CN,2022-03-13 21:46:10,39.7042,119.1506,37.92,72,77,4.59
104,New Norfolk,AU,2022-03-13 21:46:10,-42.7826,147.0587,62.1,67,100,1.66
105,Bredasdorp,ZA,2022-03-13 21:46:11,-34.5322,20.0403,60.12,55,100,10.36
106,Ancud,CL,2022-03-13 21:46:11,-41.8697,-73.8203,62.22,68,51,5.73
107,Pevek,RU,2022-03-13 21:46:11,69.7008,170.3133,-14.35,99,92,5.14
108,Kavaratti,IN,2022-03-13 21:46:12,10.5669,72.642,82.04,75,23,6.2
109,Yaan,NG,2022-03-13 21:46:12,7.3833,8.5667,89.22,33,82,1.83
110,Dikson,RU,2022-03-13 21:44:57,73.5069,80.5464,-5.26,97,100,16.64
111,Arraial Do Cabo,BR,2022-03-13 21:46:13,-22.9661,-42.0278,80.56,78,0,13.8
112,Port Alfred,ZA,2022-03-13 21:46:13,-33.5906,26.891,67.75,90,100,11.72
113,Qaanaaq,GL,2022-03-13 21:46:14,77.484,-69.3632,-9.29,95,100,3.2
114,Jumla,NP,2022-03-13 21:46:14,29.2747,82.1838,45.1,34,1,5.3
115,Bratsk,RU,2022-03-13 21:46:14,56.1325,101.6142,-8.91,100,95,2.26
116,Guarare,PA,2022-03-13 21:46:15,7.8167,-80.2833,87.19,57,64,13.94
117,Tuktoyaktuk,CA,2022-03-13 21:46:15,69.4541,-133.0374,-11.2,77,40,8.05
118,Bull Savanna,JM,2022-03-13 21:46:15,17.8868,-77.5902,79.83,66,32,4.63
119,Bethel,US,2022-03-13 21:43:03,41.3712,-73.414,34.16,47,0,10.36
120,Green Valley,US,2022-03-13 21:46:16,31.8543,-110.9937,77.23,9,0,14.56
121,Esperance,AU,2022-03-13 21:46:16,-33.8667,121.9,64.24,92,36,11.03
122,La Ronge,CA,2022-03-13 21:46:17,55.1001,-105.2842,12.45,52,100,16.11
123,Kruisfontein,ZA,2022-03-13 21:42:24,-34.0033,24.7314,60.89,89,100,18.03
124,Longyearbyen,SJ,2022-03-13 21:46:17,78.2186,15.6401,24.64,86,0,3.44
125,Bambous Virieux,MU,2022-03-13 21:46:04,-20.3428,57.7575,79.21,89,40,11.5
126,Westlock,CA,2022-03-13 21:46:17,54.1502,-113.8688,24.12,87,100,11.23
127,Waipawa,NZ,2022-03-13 21:46:15,-41.4122,175.5153,57.63,70,100,7.07
128,Sitka,US,2022-03-13 21:46:18,57.0531,-135.33,44.49,53,100,12.66
129,Rocha,UY,2022-03-13 21:46:18,-34.4833,-54.3333,61.02,81,11,6.67
130,Lorengau,PG,2022-03-13 21:46:19,-2.0226,147.2712,83.62,75,26,8.34
131,Chodavaram,IN,2022-03-13 21:46:19,17.8333,82.95,73.51,48,99,2.51
132,Ulagan,RU,2022-03-13 21:46:20,50.6321,87.9563,25.32,78,80,9.42
133,Tiksi,RU,2022-03-13 21:46:20,71.6872,128.8694,-22.38,100,99,2.17
134,Huarmey,PE,2022-03-13 21:46:20,-10.0681,-78.1522,75.54,74,95,8.08
135,Mendi,PG,2022-03-13 21:46:21,-6.1761,143.6513,59.86,91,80,1.61
136,Guarda,PT,2022-03-13 21:47:21,40.5373,-7.2658,38.91,90,100,3.67
137,Machico,PT,2022-03-13 21:47:22,32.7,-16.7667,61.43,62,40,10.36
138,Airai,TL,2022-03-13 21:47:22,-8.9266,125.4092,60.08,92,99,2.35
139,Mirnyy,RU,2022-03-13 21:46:50,62.5353,113.9611,-15.79,100,99,2.35
140,Barrow,US,2022-03-13 21:47:22,71.2906,-156.7887,-0.38,71,0,9.22
141,Nikolskoye,RU,2022-03-13 21:47:23,59.7035,30.7861,28.8,99,95,1.81
142,Maua,BR,2022-03-13 21:47:23,-23.6678,-46.4614,73.36,96,99,3.71
143,Sakakah,SA,2022-03-13 21:47:23,29.9697,40.2064,54.97,38,0,4.59
144,Ushumun,RU,2022-03-13 21:47:24,52.7833,126.5333,-1.12,96,46,3.33
145,Port Elizabeth,ZA,2022-03-13 21:47:24,-33.918,25.5701,63.1,94,40,19.57
146,North Bend,US,2022-03-13 21:47:24,43.4065,-124.2243,51.24,91,100,14.97
147,Tianpeng,CN,2022-03-13 21:47:25,30.9866,103.9393,70.27,65,100,3.02
148,Biak,ID,2022-03-13 21:47:25,-0.9131,122.8766,76.01,84,73,3.58
149,Safaga,EG,2022-03-13 21:47:25,26.7292,33.9365,59.49,48,0,20.58
150,Santa,PH,2022-03-13 21:47:26,17.486,120.4348,76.03,83,12,2.39
151,Morgan City,US,2022-03-13 21:47:26,29.6994,-91.2068,62.01,47,0,13.8
152,Petropavlovsk-Kamchatskiy,RU,2022-03-13 21:47:27,53.0452,158.6483,21.79,74,20,4.47
153,Kuressaare,EE,2022-03-13 21:47:27,58.2481,22.5039,31.95,98,97,4.0
154,Mascota,MX,2022-03-13 21:47:27,20.5167,-104.7833,81.81,16,0,7.43
155,Noumea,NC,2022-03-13 21:42:49,-22.2763,166.4572,82.99,99,12,6.67
156,Kirakira,SB,2022-03-13 21:46:08,-10.4544,161.9205,82.72,76,79,5.08
157,Talnakh,RU,2022-03-13 21:47:28,69.4865,88.3972,-7.8,92,100,7.45
158,Hami,CN,2022-03-13 21:47:28,42.8,93.45,51.96,32,92,4.18
159,Turayf,SA,2022-03-13 21:47:29,31.6725,38.6637,41.25,87,0,9.22
160,Novyy Urgal,RU,2022-03-13 21:47:29,51.0736,132.5642,5.16,97,100,1.1
161,Galesong,ID,2022-03-13 21:47:29,-5.3166,119.3661,73.42,84,60,4.52
162,Leningradskiy,RU,2022-03-13 21:47:30,69.3833,178.4167,-3.93,93,100,8.14
163,East London,ZA,2022-03-13 21:42:47,-33.0153,27.9116,69.71,90,99,3.33
164,Longido,TZ,2022-03-13 21:47:30,-2.7333,36.6833,70.45,51,97,7.36
165,Saint-Joseph,RE,2022-03-13 21:47:31,-21.3667,55.6167,77.38,87,75,11.16
166,Syracuse,IT,2022-03-13 21:47:31,37.0881,15.2792,49.59,76,54,3.13
167,Atuona,PF,2022-03-13 21:47:31,-9.8,-139.0333,78.87,70,99,14.41
168,Hasaki,JP,2022-03-13 21:47:32,35.7333,140.8333,63.0,75,100,23.42
169,Qaqortoq,GL,2022-03-13 21:47:32,60.7167,-46.0333,28.2,67,100,21.83
170,Hounde,BF,2022-03-13 21:47:32,11.5,-3.5167,89.78,9,78,3.09
171,Unai,BR,2022-03-13 21:47:33,-16.3575,-46.9061,74.01,83,71,4.36
172,Businga,CD,2022-03-13 21:47:33,3.3333,20.8833,73.65,79,100,3.58
173,Yellowknife,CA,2022-03-13 21:47:33,62.456,-114.3525,0.41,62,20,12.66
174,Okhotsk,RU,2022-03-13 21:47:34,59.3833,143.3,17.53,96,100,3.96
175,Pontianak,ID,2022-03-13 21:47:34,-0.0333,109.3333,76.98,100,20,2.3
176,Manyana,BW,2022-03-13 21:47:35,-23.4,21.7167,70.32,66,97,7.27
177,Sao Miguel,BR,2022-03-13 21:47:35,-5.4667,-35.3667,81.37,77,70,8.86
178,Leua,SK,2022-03-13 21:47:35,48.2156,18.6071,39.22,45,0,6.31
179,Grand Gaube,MU,2022-03-13 21:47:36,-20.0064,57.6608,79.38,84,66,5.99
180,Muros,ES,2022-03-13 21:43:38,42.7762,-9.0603,46.83,92,100,9.1
181,Kitami,JP,2022-03-13 21:47:36,43.8031,143.8908,28.11,87,100,0.31
182,Avarua,CK,2022-03-13 21:43:35,-21.2078,-159.775,84.25,74,70,4.61
183,Haimen,CN,2022-03-13 21:48:37,23.1935,116.6142,64.29,83,2,2.42
184,Isangel,VU,2022-03-13 21:48:37,-19.55,169.2667,82.51,89,40,2.3
185,Conde,BR,2022-03-13 21:48:37,-7.2597,-34.9075,81.86,78,40,6.91
186,Poum,NC,2022-03-13 21:48:38,-20.2333,164.0167,81.25,78,74,9.89
187,Provideniya,RU,2022-03-13 21:48:38,64.3833,-173.3,21.36,42,0,15.99
188,Severobaykalsk,RU,2022-03-13 21:48:38,55.65,109.3167,-10.55,84,9,7.25
189,Vaini,TO,2022-03-13 21:48:39,-21.2,-175.2,84.36,79,40,2.3
190,Belmopan,BZ,2022-03-13 21:48:39,17.25,-88.7667,70.18,91,90,2.93
191,Padang,ID,2022-03-13 21:48:40,-0.9492,100.3543,77.7,87,100,3.58
192,Centralina,BR,2022-03-13 21:48:40,-18.5839,-49.1994,73.36,84,68,2.17
193,Pachino,IT,2022-03-13 21:48:40,36.7186,15.0907,50.88,72,86,4.76
194,Ryotsu,JP,2022-03-13 21:48:41,38.0833,138.4333,48.79,95,100,8.03
195,Faya,SA,2022-03-13 21:48:41,18.3851,42.4509,61.32,70,2,2.82
196,Adrar,MR,2022-03-13 21:48:41,20.5022,-10.0711,71.74,12,0,8.86
197,Izberbash,RU,2022-03-13 21:48:42,42.5696,47.8645,33.85,83,86,5.82
198,Wukari,NG,2022-03-13 21:48:42,7.85,9.7833,83.64,16,100,2.35
199,Rio Grande,BR,2022-03-13 21:48:42,-32.035,-52.0986,71.71,68,93,6.35
200,Kamaishi,JP,2022-03-13 21:48:43,39.2667,141.8833,44.35,97,100,11.34
201,Axim,GH,2022-03-13 21:48:43,4.8699,-2.2405,75.65,85,89,13.11
202,Port Macquarie,AU,2022-03-13 21:48:43,-31.4333,152.9167,68.9,75,7,6.78
203,Bandarbeyla,SO,2022-03-13 21:48:44,9.4942,50.8122,77.07,75,62,12.77
204,Tazovskiy,RU,2022-03-13 21:48:44,67.4667,78.7,-15.9,100,98,6.87
205,Haines Junction,CA,2022-03-13 21:48:44,60.7522,-137.5108,10.35,67,100,3.44
206,Saint George,US,2022-03-13 21:48:45,37.1041,-113.5841,69.64,15,0,11.01
207,San Rafael,AR,2022-03-13 21:45:39,-34.6177,-68.3301,78.01,31,13,5.61
208,Pandan,PH,2022-03-13 21:48:45,14.0453,124.1694,77.4,88,91,5.19
209,Yakovlevka,RU,2022-03-13 21:48:46,44.425,133.4772,25.3,95,82,2.35
210,Weiser,US,2022-03-13 21:48:46,44.251,-116.9693,54.32,44,95,4.0
211,Manta,EC,2022-03-13 21:45:16,-0.95,-80.7333,83.98,74,40,6.91
212,Anadyr,RU,2022-03-13 21:48:46,64.75,177.4833,-3.5,76,0,11.18
213,Mayahi,NE,2022-03-13 21:48:47,13.9553,7.6712,75.29,12,71,12.62
214,Shingu,JP,2022-03-13 21:48:47,33.7333,135.9833,61.5,90,91,5.91
215,Berlevag,NO,2022-03-13 21:48:47,70.8578,29.0864,35.6,86,0,14.97
216,Richards Bay,ZA,2022-03-13 21:48:48,-28.783,32.0377,76.59,83,0,13.06
217,Tailai,CN,2022-03-13 21:48:48,46.3833,123.4,27.14,70,100,7.85
218,Hornepayne,CA,2022-03-13 21:48:48,49.2138,-84.7705,20.82,86,100,8.63
219,Half Moon Bay,US,2022-03-13 21:44:49,37.4636,-122.4286,70.05,62,0,16.11
220,Codrington,AU,2022-03-13 21:48:49,-38.2667,141.9667,63.34,89,100,9.75
221,Jamestown,US,2022-03-13 21:48:49,42.097,-79.2353,26.71,49,100,5.01
222,Uruguaiana,BR,2022-03-13 21:48:39,-29.7547,-57.0883,78.73,41,40,12.66
223,Gorontalo,ID,2022-03-13 21:48:50,0.5412,123.0595,75.15,94,97,2.08
224,Cabo San Lucas,MX,2022-03-13 21:48:50,22.8909,-109.9124,80.62,54,40,5.99
225,Buckeye,US,2022-03-13 21:48:51,33.3703,-112.5838,82.15,11,3,11.48
226,Ler,SS,2022-03-13 21:48:51,8.3018,30.1418,85.6,28,100,1.54
227,Kaya,BF,2022-03-13 21:48:51,13.0917,-1.0844,86.41,15,58,7.52
228,Lhokseumawe,ID,2022-03-13 21:48:52,5.1801,97.1507,78.57,83,93,1.21
229,Yar-Sale,RU,2022-03-13 21:48:52,66.8333,70.8333,-4.13,100,99,5.37
230,Lodja,CD,2022-03-13 21:49:52,-3.4833,23.4333,70.68,87,99,0.94
231,Sioux Lookout,CA,2022-03-13 21:49:53,50.1001,-91.917,17.67,57,100,8.05
232,Severo-Kurilsk,RU,2022-03-13 21:49:53,50.6789,156.125,30.29,83,97,4.65
233,Saint-Philippe,RE,2022-03-13 21:49:53,-21.3585,55.7679,78.39,88,83,11.68
234,Alexandria,EG,2022-03-13 21:48:16,31.2156,29.9553,49.96,71,40,6.91
235,Cap Malheureux,MU,2022-03-13 21:49:54,-19.9842,57.6142,78.48,84,62,5.99
236,Jalu,LY,2022-03-13 21:49:55,29.0331,21.5482,56.59,43,0,8.21
237,Arvika,SE,2022-03-13 21:49:55,59.6553,12.5852,27.21,89,81,1.97
238,Ziway,ET,2022-03-13 21:49:55,7.9333,38.7167,69.26,38,19,15.86
239,Thunder Bay,CA,2022-03-13 21:49:53,48.4001,-89.3168,24.3,61,100,13.8
240,Tasiilaq,GL,2022-03-13 21:49:56,65.6145,-37.6368,30.36,80,100,25.28
241,Belgrade,RS,2022-03-13 21:48:13,44.804,20.4651,37.06,41,5,5.75
242,Cockburn Town,TC,2022-03-13 21:48:54,21.4612,-71.1419,80.56,69,40,11.5
243,Atikokan,CA,2022-03-13 21:46:56,48.7555,-91.6216,21.16,80,100,8.21
244,Kisangani,CD,2022-03-13 21:49:57,0.5167,25.2,70.2,91,94,2.77
245,Bozeman,US,2022-03-13 21:49:57,45.6796,-111.0386,42.67,77,100,4.61
246,Dingle,PH,2022-03-13 21:49:57,10.9995,122.6711,76.26,91,60,5.48
247,Mar Del Plata,AR,2022-03-13 21:49:58,-38.0023,-57.5575,68.02,85,0,10.36
248,Olafsvik,IS,2022-03-13 21:49:58,64.8945,-23.7142,38.61,65,28,24.94
249,Vestmannaeyjar,IS,2022-03-13 21:47:51,63.4427,-20.2734,40.51,59,28,14.27
250,Solvychegodsk,RU,2022-03-13 21:49:59,61.3305,46.9156,20.5,96,98,7.05
251,Lasa,IT,2022-03-13 21:47:22,46.6166,10.7002,36.48,91,37,2.77
252,Ruteng,ID,2022-03-13 21:49:59,-8.6136,120.4721,62.96,92,64,0.89
253,Mount Isa,AU,2022-03-13 21:50:00,-20.7333,139.5,76.77,73,19,0.0
254,Bilma,NE,2022-03-13 21:50:00,18.6853,12.9164,68.79,10,0,10.31
255,Kara,TG,2022-03-13 21:50:00,9.5511,1.1861,84.25,29,90,3.78
256,Naze,JP,2022-03-13 21:50:01,28.3667,129.4833,65.32,89,8,5.39
257,Roald,NO,2022-03-13 21:50:02,62.5833,6.1333,46.54,61,0,4.61
258,Vardo,NO,2022-03-13 21:50:03,70.3705,31.1107,30.18,93,40,4.61
259,Sapouy,BF,2022-03-13 21:50:04,11.5544,-1.7736,90.36,16,100,4.27
260,Srednekolymsk,RU,2022-03-13 21:50:04,67.45,153.6833,-12.15,97,100,4.88
261,Shenjiamen,CN,2022-03-13 21:47:29,29.9576,122.298,54.43,97,53,6.04
262,Kavieng,PG,2022-03-13 21:50:05,-2.5744,150.7967,83.19,75,50,13.24
263,Urucui,BR,2022-03-13 21:50:06,-7.2294,-44.5561,78.85,80,89,3.58
264,Pisco,PE,2022-03-13 21:49:27,-13.7,-76.2167,80.65,57,20,13.8
265,Khatanga,RU,2022-03-13 21:50:07,71.9667,102.5,-4.56,98,100,10.69
266,Ucluelet,CA,2022-03-13 21:50:07,48.9329,-125.5528,50.09,85,100,1.01
267,Byron Bay,AU,2022-03-13 21:49:44,-28.65,153.6167,68.94,76,78,8.08
268,Kolosovka,RU,2022-03-13 21:50:08,56.4678,73.611,-6.74,100,13,6.51
269,Tuatapere,NZ,2022-03-13 21:50:08,-46.1333,167.6833,61.47,70,47,2.21
270,Camocim,BR,2022-03-13 21:50:08,-2.9022,-40.8411,78.21,84,100,8.12
271,Dicabisagan,PH,2022-03-13 21:47:25,17.0818,122.4157,74.82,91,63,2.04
272,Soyo,AO,2022-03-13 21:50:09,-6.1349,12.3689,80.08,78,100,8.41
273,Torbay,CA,2022-03-13 21:50:09,47.6666,-52.7314,29.57,77,75,35.68
274,Pangnirtung,CA,2022-03-13 21:51:10,66.1451,-65.7125,-23.87,93,22,4.47
275,Darhan,MN,2022-03-13 21:51:10,49.4867,105.9228,13.14,91,100,6.76
276,Xuddur,SO,2022-03-13 21:51:10,4.1213,43.8894,74.16,61,63,16.55
277,Oranjemund,NA,2022-03-13 21:51:11,-28.55,16.4333,62.8,76,92,17.56
278,Elko,US,2022-03-13 21:51:11,41.0002,-115.5012,43.23,65,96,20.0
279,Yulara,AU,2022-03-13 21:51:12,-25.2406,130.9889,71.44,28,70,6.91
280,Hilo,US,2022-03-13 21:49:37,19.7297,-155.09,82.13,62,0,11.5
281,Russell,US,2022-03-13 21:51:12,32.3502,-85.1999,57.96,17,0,0.0
282,Langsa,ID,2022-03-13 21:51:13,4.4683,97.9683,74.48,96,77,2.95
283,Burnie,AU,2022-03-13 21:51:13,-41.0667,145.9167,64.92,83,99,12.28
284,Doka,SD,2022-03-13 21:51:13,13.5167,35.7667,82.76,29,99,14.09
285,Raga,SS,2022-03-13 21:51:14,8.4596,25.678,78.8,17,100,4.76
286,Mollendo,PE,2022-03-13 21:51:14,-17.0231,-72.0147,72.73,79,98,7.65
287,Vagur,FO,2022-03-13 21:51:15,61.4732,-6.8119,44.91,91,100,19.13
288,Macusani,PE,2022-03-13 21:51:57,-14.0833,-70.4333,40.69,89,99,5.26
289,Bireun,ID,2022-03-13 21:52:19,5.203,96.7009,77.79,85,82,2.86
290,Valle De Allende,MX,2022-03-13 21:52:19,26.9333,-105.4,75.27,6,5,4.16
291,Kaeo,NZ,2022-03-13 21:52:19,-35.1,173.7833,73.33,74,18,7.56
292,Shimoda,JP,2022-03-13 21:52:20,34.6667,138.95,59.11,92,100,18.88
293,Laukaa,RU,2022-03-13 21:52:20,58.7372,29.8453,24.96,97,24,3.27
294,Bhag,PK,2022-03-13 21:52:20,29.0415,67.8239,85.66,24,25,5.06
295,Sakaiminato,JP,2022-03-13 21:52:21,35.55,133.2333,53.58,94,75,5.75
296,Westport,US,2022-03-13 21:52:21,41.1415,-73.3579,35.15,45,98,13.0
297,Alofi,NU,2022-03-13 21:52:21,-19.0595,-169.9187,84.09,74,11,6.91
298,Ribeira Grande,PT,2022-03-13 21:52:22,38.5167,-28.7,54.0,66,20,4.61
299,Teya,RU,2022-03-13 21:52:22,60.3778,92.6267,-23.87,100,83,1.28
300,Petro-Slavyanka,RU,2022-03-13 21:52:22,59.8022,30.5069,28.98,91,98,6.71
301,Kedrovyy,RU,2022-03-13 21:52:23,56.1667,91.8167,-15.14,99,68,4.36
302,Paciran,ID,2022-03-13 21:52:23,-6.8767,112.3761,78.15,88,98,5.03
303,Puerto Baquerizo Moreno,EC,2022-03-13 21:52:24,-0.9,-89.6,80.06,71,26,0.83
304,Pensacola,US,2022-03-13 21:48:58,30.4213,-87.2169,61.54,40,0,9.22
305,Dinghai,CN,2022-03-13 21:52:24,26.2847,119.7936,61.72,93,99,2.55
306,Portland,US,2022-03-13 21:52:14,45.5234,-122.6762,53.42,88,100,14.97
307,Dagda,LV,2022-03-13 21:52:25,56.0951,27.5372,29.07,90,40,5.28
308,Erdenet,MN,2022-03-13 21:52:25,49.0333,104.0833,13.28,88,100,4.81
309,Thinadhoo,MV,2022-03-13 21:52:25,0.5333,72.9333,82.85,68,98,3.44
310,Ilulissat,GL,2022-03-13 21:52:26,69.2167,-51.1,-6.27,96,100,4.25
311,Cooma,AU,2022-03-13 21:52:26,-36.2333,149.1333,51.57,100,100,5.75
312,Townsville,AU,2022-03-13 21:52:26,-19.25,146.8,76.08,78,75,6.91
313,Belaya Gora,RU,2022-03-13 21:52:27,68.5333,146.4167,-6.56,98,100,0.83
314,Kungurtug,RU,2022-03-13 21:53:09,50.5994,97.5228,9.91,97,98,3.13
315,Saskylakh,RU,2022-03-13 21:53:09,71.9167,114.0833,-13.95,98,99,4.03
316,Ilebo,CD,2022-03-13 21:53:10,-4.3167,20.5833,68.72,98,86,1.72
317,Progreso,MX,2022-03-13 21:53:10,21.2833,-89.6667,75.11,62,92,16.04
318,Maniitsoq,GL,2022-03-13 21:54:11,65.4167,-52.9,0.28,89,100,14.74
319,Agirish,RU,2022-03-13 21:54:11,61.9247,63.0231,6.58,95,99,6.67
320,Rantepao,ID,2022-03-13 21:54:11,-2.9701,119.8978,65.44,88,56,3.02
321,Rabaul,PG,2022-03-13 21:54:12,-4.1967,152.1721,80.17,74,100,3.78
322,Honiara,SB,2022-03-13 21:54:12,-9.4333,159.95,82.9,73,71,2.48
323,Port Hardy,CA,2022-03-13 21:54:12,50.6996,-127.4199,48.38,76,100,12.66
324,Kumba,CM,2022-03-13 21:54:13,4.6363,9.4469,76.68,79,100,1.05
325,Praia Da Vitoria,PT,2022-03-13 21:52:56,38.7333,-27.0667,55.65,71,20,14.12
326,Bongandanga,CD,2022-03-13 21:54:13,1.5,21.05,72.25,85,99,3.09
327,Coihaique,CL,2022-03-13 21:50:35,-45.5752,-72.0662,59.61,55,40,8.05
328,Anantapur,IN,2022-03-13 21:54:14,14.6833,77.6,77.74,41,1,3.49
329,Saiha,IN,2022-03-13 21:52:07,22.4833,92.9667,63.34,39,57,3.71
330,Iglesias,IT,2022-03-13 21:54:14,39.3114,8.535,53.78,94,100,4.99
331,Flinders,AU,2022-03-13 21:54:14,-34.5833,150.8552,67.05,93,14,4.0
332,Terrace Bay,CA,2022-03-13 21:54:15,48.7834,-87.1,22.73,80,98,10.8
333,Honningsvag,NO,2022-03-13 21:54:15,70.9821,25.9704,37.72,80,52,14.81
334,Artyom,AZ,2022-03-13 21:54:15,40.4723,50.333,39.34,71,100,22.75
335,Salinas,US,2022-03-13 21:52:02,36.6777,-121.6555,68.56,55,0,5.75
336,Nurota,UZ,2022-03-13 21:55:19,40.5614,65.6886,51.35,65,99,5.01
337,Nuuk,GL,2022-03-13 21:55:20,64.1835,-51.7216,1.85,83,100,16.08
338,Kudahuvadhoo,MV,2022-03-13 21:55:20,2.6708,72.8944,82.74,68,53,5.37
339,Te Anau,NZ,2022-03-13 21:55:20,-45.4167,167.7167,61.95,62,66,0.83
340,Aksarka,RU,2022-03-13 21:55:21,66.5606,67.7975,-3.19,100,99,5.68
341,Marawi,PH,2022-03-13 21:55:21,7.9986,124.2928,68.86,94,85,3.06
342,Navrongo,GH,2022-03-13 21:55:22,10.8956,-1.0921,90.81,26,95,4.94
343,Neryungri,RU,2022-03-13 21:55:22,56.6709,124.6491,-20.07,99,72,2.8
344,Letlhakane,BW,2022-03-13 21:55:22,-21.4167,25.5833,75.9,38,21,6.98
345,Kushima,JP,2022-03-13 21:55:23,31.4583,131.2333,59.95,92,2,3.71
346,Rae Bareli,IN,2022-03-13 21:55:23,26.2167,81.2333,68.52,33,0,2.71
347,Ancona,IT,2022-03-13 21:55:23,43.55,13.1667,41.67,67,0,5.75
348,Merauke,ID,2022-03-13 21:55:24,-8.4667,140.3333,79.05,90,79,9.75
349,Antsohihy,MG,2022-03-13 21:55:24,-14.8796,47.9875,71.85,91,100,3.4
350,Assiniboia,CA,2022-03-13 21:55:25,49.6334,-105.9845,26.42,80,100,11.5
351,Annonay,FR,2022-03-13 21:55:25,45.2397,4.6708,42.82,97,100,3.76
352,Georgetown,MY,2022-03-13 21:55:25,5.4112,100.3354,80.53,98,20,5.75
353,Janauba,BR,2022-03-13 21:55:26,-15.8025,-43.3089,77.49,60,77,4.97
354,Yashkul,RU,2022-03-13 21:55:26,46.1711,45.3435,26.31,64,26,5.06
355,Khuzhir,RU,2022-03-13 21:55:26,53.1939,107.3397,-1.64,86,12,4.09
356,Namibe,AO,2022-03-13 21:55:27,-15.1961,12.1522,73.15,73,100,6.08
357,Touros,BR,2022-03-13 21:55:27,-5.1989,-35.4608,79.88,77,75,7.99
358,High Prairie,CA,2022-03-13 21:55:27,55.4334,-116.4858,13.35,80,100,6.62
359,Vila Franca Do Campo,PT,2022-03-13 21:55:28,37.7167,-25.4333,56.19,63,92,16.13
360,Koubia,GN,2022-03-13 21:55:28,11.5833,-11.9,79.52,20,97,3.58
361,Alekseyevka,RU,2022-03-13 21:55:28,50.6309,38.6903,4.48,99,88,4.38
362,Sulangan,PH,2022-03-13 21:55:29,11.1373,123.7228,80.91,82,69,7.92
363,Longyan,CN,2022-03-13 21:56:29,25.1072,117.0225,65.75,83,52,1.25
364,Kodiak,US,2022-03-13 21:56:30,57.79,-152.4072,40.51,75,100,16.11
365,Komsomolskiy,UZ,2022-03-13 21:56:30,40.4272,71.7189,52.52,87,100,4.61
366,Haifa,IL,2022-03-13 21:52:55,32.8156,34.9892,49.17,57,83,3.0
367,Curitibanos,BR,2022-03-13 21:56:30,-27.2828,-50.5844,60.04,99,100,3.44
368,Luau,AO,2022-03-13 21:56:31,-10.7073,22.2247,61.23,98,100,2.77
369,Kununurra,AU,2022-03-13 21:56:31,-15.7667,128.7333,73.38,88,86,3.44
370,Constantine,DZ,2022-03-13 21:54:52,36.365,6.6147,54.81,76,75,1.14
371,San Patricio,US,2022-03-13 21:56:32,28.017,-97.5169,68.07,61,57,13.47
372,Alyangula,AU,2022-03-13 21:56:32,-13.8483,136.4192,80.47,94,75,3.44
373,Camacha,PT,2022-03-13 21:56:32,33.0833,-16.3333,58.42,63,40,20.71
374,Geraldton,AU,2022-03-13 21:56:33,-28.7667,114.6,61.21,88,7,10.36
375,Ambilobe,MG,2022-03-13 21:56:33,-13.2,49.05,73.96,95,100,1.03
376,Awjilah,LY,2022-03-13 21:55:42,29.1081,21.2869,56.52,43,1,9.42
377,Viedma,AR,2022-03-13 21:56:33,-40.8135,-62.9967,80.6,26,35,14.81
378,Port Hedland,AU,2022-03-13 21:56:34,-20.3167,118.5667,80.65,89,0,5.75
379,Maracaibo,VE,2022-03-13 21:54:56,10.6317,-71.6406,84.49,61,100,14.58
380,Fort Pierce,US,2022-03-13 21:53:20,27.4467,-80.3256,70.05,62,96,15.01
381,Makat,KZ,2022-03-13 21:56:34,47.6469,53.3463,24.69,63,33,8.72
382,Myitkyina,MM,2022-03-13 21:56:35,25.3833,97.4,67.35,40,63,2.8
383,Garowe,SO,2022-03-13 21:56:35,8.4054,48.4845,69.85,70,74,9.04
384,Zeya,RU,2022-03-13 21:52:39,53.75,127.2667,-1.16,98,24,2.75
385,Moron,AR,2022-03-13 21:56:36,-34.6534,-58.6198,75.09,57,0,4.29
386,Ixtapa,MX,2022-03-13 21:56:36,20.7,-105.2,84.0,41,2,7.58
387,Aswan,EG,2022-03-13 21:56:37,24.0934,32.907,58.93,30,0,17.05
388,Khani,GE,2022-03-13 21:56:37,41.9563,42.9566,26.17,81,94,1.59
389,Rockingham,US,2022-03-13 21:56:37,42.9668,-71.0995,35.65,40,100,3.0
390,Aykhal,RU,2022-03-13 21:56:38,66.0,111.5,-23.62,100,68,3.76
391,Hualmay,PE,2022-03-13 21:56:38,-11.0964,-77.6139,74.59,74,100,8.59
392,Abu Samrah,SY,2022-03-13 21:56:38,35.3029,37.1841,35.26,94,65,8.05
393,Guerrero Negro,MX,2022-03-13 21:56:39,27.9769,-114.0611,67.75,50,1,17.49
394,Taltal,CL,2022-03-13 21:56:39,-25.4,-70.4833,68.47,75,24,6.31
395,Angren,UZ,2022-03-13 21:56:39,41.0167,70.1436,50.65,88,100,0.76
396,Mega,ET,2022-03-13 21:56:40,4.05,38.3,67.64,44,92,10.96
397,Vao,NC,2022-03-13 21:56:40,-22.6667,167.4833,79.41,79,26,16.2
398,Bukachacha,RU,2022-03-13 21:56:40,52.9833,116.9167,7.45,99,100,0.89
399,Nanuque,BR,2022-03-13 21:56:41,-17.8392,-40.3539,77.97,74,72,9.86
400,Massakory,TD,2022-03-13 21:56:41,12.996,15.7293,82.67,13,92,15.55
401,Amahai,ID,2022-03-13 21:56:41,-3.3333,128.9167,79.45,85,100,3.42
402,Aldergrove,CA,2022-03-13 21:56:42,49.058,-122.4709,56.3,65,75,4.61
403,Zhangjiakou,CN,2022-03-13 21:56:42,40.81,114.8794,40.84,45,0,13.98
404,Harper,LR,2022-03-13 21:56:42,4.375,-7.7169,79.99,85,77,7.25
405,Iquitos,PE,2022-03-13 21:56:43,-3.7481,-73.2472,86.04,70,40,5.75
406,Marzuq,YE,2022-03-13 21:56:43,14.4,46.4667,62.1,59,15,5.28
407,Zambezi,ZM,2022-03-13 21:56:43,-13.5432,23.1047,65.17,91,100,5.3
408,Acapulco,MX,2022-03-13 21:52:59,16.8634,-99.8901,83.73,57,2,11.3
409,Pizarro,CO,2022-03-13 21:56:44,4.9533,-77.366,81.5,75,41,6.82
410,Dhidhdhoo,MV,2022-03-13 21:57:45,6.8833,73.1,81.63,73,92,4.41
411,Ntungamo,UG,2022-03-13 21:57:45,-0.8833,29.65,64.89,84,99,3.87
412,Itoman,JP,2022-03-13 21:57:45,26.1247,127.6694,66.22,94,40,2.3
413,Lagoa,PT,2022-03-13 21:57:46,39.05,-27.9833,55.29,59,86,13.02
414,The Valley,AI,2022-03-13 21:57:46,18.217,-63.0578,80.74,69,20,17.27
415,Tazmalt,DZ,2022-03-13 21:57:46,36.3868,4.3989,55.29,87,100,4.09
416,Le Port,RE,2022-03-13 21:57:47,-20.9373,55.2919,79.25,70,99,8.3
417,Ulaangom,MN,2022-03-13 21:57:47,49.9811,92.0667,5.97,92,82,4.43
418,Porto Nacional,BR,2022-03-13 21:57:47,-10.7081,-48.4172,89.6,84,50,0.56
419,North Platte,US,2022-03-13 21:57:48,41.1239,-100.7654,67.12,1,5,5.99
420,Los Llanos De Aridane,ES,2022-03-13 21:57:48,28.6585,-17.9182,62.35,78,40,3.44
421,Salinopolis,BR,2022-03-13 21:57:48,-0.6136,-47.3561,77.5,89,100,8.93
422,Narsaq,GL,2022-03-13 21:57:49,60.9167,-46.05,29.43,57,100,30.65
423,Nouadhibou,MR,2022-03-13 21:57:49,20.931,-17.0347,64.38,72,55,21.85
424,Smithers,CA,2022-03-13 21:57:49,54.7804,-127.1743,43.12,45,20,0.0
425,Zhigansk,RU,2022-03-13 21:57:50,66.7697,123.3711,-19.79,98,99,12.21
426,Tagusao,PH,2022-03-13 21:57:50,9.1924,117.8141,79.02,81,48,2.89
427,Gornopravdinsk,RU,2022-03-13 21:57:50,60.05,69.9,-7.08,100,100,3.83
428,Viransehir,TR,2022-03-13 21:57:51,37.2353,39.7631,36.05,97,100,7.38
429,Yarada,IN,2022-03-13 21:57:51,17.65,83.2667,78.37,52,99,3.65
430,Emirdag,TR,2022-03-13 21:57:51,39.0197,31.15,17.2,82,41,2.64
431,Cuamba,MZ,2022-03-13 21:57:52,-14.8031,36.5372,68.63,99,100,2.68
432,George,ZA,2022-03-13 21:57:52,-33.963,22.4617,56.75,94,100,11.5
433,Avera,US,2022-03-13 21:57:52,33.194,-82.5271,57.38,24,0,5.1
434,Gambela,ET,2022-03-13 21:57:53,8.25,34.5833,82.31,50,62,5.1
435,Chulman,RU,2022-03-13 21:57:53,56.8479,124.9104,-21.55,100,100,1.23
436,Puerto Carreno,CO,2022-03-13 21:57:53,6.189,-67.4859,91.38,49,40,6.91
437,Nhulunbuy,AU,2022-03-13 21:57:54,-12.2333,136.7667,75.81,94,100,3.44
438,Chiang Klang,TH,2022-03-13 21:57:54,19.2938,100.8617,77.92,67,68,1.3
439,Lugovoy,KZ,2022-03-13 21:57:55,42.9472,72.7644,45.5,79,97,3.15
440,Laguna,US,2022-03-13 21:57:55,38.421,-121.4238,67.95,38,0,4.61
441,Maridi,SS,2022-03-13 21:57:55,4.9158,29.4742,75.13,59,99,4.43
442,Pergamino,AR,2022-03-13 21:57:56,-33.89,-60.5736,76.17,47,0,6.2
443,Pryyutivka,UA,2022-03-13 21:57:56,48.7209,33.0708,29.17,81,87,1.79
444,Mount Pleasant,US,2022-03-13 21:57:56,32.7941,-79.8626,55.18,41,0,6.91
445,Vostok,RU,2022-03-13 21:57:57,46.4856,135.8833,16.65,98,98,1.34
446,Lamu,KE,2022-03-13 21:57:57,-2.2717,40.902,77.11,84,100,10.49
447,Mukhen,RU,2022-03-13 21:57:57,48.1,136.1,14.0,97,89,1.16
448,Bandar-E Lengeh,IR,2022-03-13 21:57:58,26.5579,54.8807,80.71,26,0,4.61
449,Mackay,AU,2022-03-13 21:57:57,-21.15,149.2,80.69,83,75,11.5
450,Port-Gentil,GA,2022-03-13 21:57:58,-0.7193,8.7815,82.22,76,100,10.22
451,Ongandjera,NA,2022-03-13 21:57:58,-17.8833,15.0667,67.78,88,100,6.6
452,Manuk Mangkaw,PH,2022-03-13 21:57:59,4.8,119.85,82.49,75,43,5.26
453,Trelew,AR,2022-03-13 21:57:59,-43.249,-65.3051,73.67,18,0,23.02
454,Esperantinopolis,BR,2022-03-13 21:58:00,-4.8667,-44.7083,75.29,94,39,1.66
455,Puerto Cabezas,NI,2022-03-13 21:58:00,14.0351,-83.3888,85.96,74,75,13.8
456,Mapiripan,CO,2022-03-13 21:58:00,2.8892,-72.1256,78.49,85,97,5.48
457,Egvekinot,RU,2022-03-13 21:58:01,66.3167,-179.1667,11.05,58,0,3.02
458,Yeppoon,AU,2022-03-13 21:59:01,-23.1333,150.7333,71.38,79,97,15.55
459,Marathon,US,2022-03-13 21:59:01,44.9,-89.7668,42.04,60,40,16.11
460,Murdochville,CA,2022-03-13 21:59:02,48.9583,-65.5006,13.08,85,99,18.45
461,Bulungu,CD,2022-03-13 21:59:02,-4.55,18.6,70.12,95,98,0.2
462,Broken Hill,AU,2022-03-13 21:59:02,-31.95,141.4333,74.91,57,75,4.61
463,Visby,SE,2022-03-13 21:59:03,57.6409,18.296,26.82,80,7,4.61
464,El Cope,PA,2022-03-13 21:59:03,8.6167,-80.6,76.39,63,69,11.61
465,Hadsten,DK,2022-03-13 21:59:03,56.3282,10.0493,40.82,61,44,13.35
466,Colesberg,ZA,2022-03-13 21:59:04,-30.72,25.0972,59.65,78,94,7.07
467,Altamont,US,2022-03-13 21:59:04,42.2068,-121.7372,46.76,62,98,5.99
468,Antofagasta,CL,2022-03-13 21:59:04,-23.65,-70.4,67.28,78,28,7.58
469,Ulkan,RU,2022-03-13 21:59:05,57.243,107.3223,-22.49,100,95,2.26
470,Homer,US,2022-03-13 21:58:34,59.6425,-151.5483,34.77,70,100,21.0
471,Aranos,NA,2022-03-13 21:59:05,-24.1333,19.1167,68.02,78,100,13.0
472,Kiama,AU,2022-03-13 21:59:06,-34.6833,150.8667,72.0,90,17,2.98
473,Sungairaya,ID,2022-03-13 21:59:06,0.7,108.9,77.31,75,95,1.34
474,Lompoc,US,2022-03-13 21:59:06,34.6391,-120.4579,78.01,74,42,11.99
475,Chabahar,IR,2022-03-13 21:59:07,25.2919,60.643,76.6,65,2,3.74
476,Seoul,KR,2022-03-13 21:55:40,37.5683,126.9778,49.39,93,75,4.61
477,Sorland,NO,2022-03-13 21:59:07,67.667,12.6934,41.83,78,69,10.47
478,Anloga,GH,2022-03-13 21:59:07,5.7947,0.8973,82.44,81,16,11.63
479,Tezu,IN,2022-03-13 21:59:08,27.9167,96.1667,69.76,26,0,4.97
480,Letka,RU,2022-03-13 21:59:08,59.6011,49.4232,18.97,97,100,2.75
481,Severka,RU,2022-03-13 21:59:08,56.8688,60.3015,-6.36,100,66,2.82
482,Bignona,SN,2022-03-13 21:59:09,12.8103,-16.2264,78.84,52,40,7.09
483,Coquimbo,CL,2022-03-13 21:55:28,-29.9533,-71.3436,65.93,72,20,11.5
484,Bilibino,RU,2022-03-13 21:59:10,68.0546,166.4372,-8.43,92,96,2.3
485,La Rioja,ES,2022-03-13 21:59:10,42.25,-2.5,38.98,56,100,5.7
486,Huinan,CN,2022-03-13 21:59:10,42.6225,126.2614,32.29,91,100,4.05
487,Margate,GB,2022-03-13 21:59:11,51.3813,1.3862,47.3,90,100,1.01
488,Tarko-Sale,RU,2022-03-13 21:59:11,64.9225,77.785,-7.06,99,47,7.11
489,Labuhan,ID,2022-03-13 21:59:11,-6.8844,112.2051,77.65,89,100,5.68
490,Whitehorse,CA,2022-03-13 21:59:12,60.7161,-135.0538,9.1,66,100,6.91
491,Bayanday,RU,2022-03-13 21:59:12,53.0661,105.5139,-15.56,100,80,4.79
492,Miri,MY,2022-03-13 21:59:12,4.4148,114.0089,73.54,100,40,2.3
493,Sirari,TZ,2022-03-13 21:59:13,-1.2333,34.4333,63.93,66,91,6.85
494,Kieta,PG,2022-03-13 21:56:49,-6.2167,155.6333,82.08,68,13,2.35
495,Kargasok,RU,2022-03-13 21:59:13,59.0556,80.8572,-18.15,100,97,0.51
496,Nalut,LY,2022-03-13 21:59:14,30.3333,10.85,59.09,22,33,9.17
497,Kurtamysh,RU,2022-03-13 21:59:14,54.9103,64.4319,8.04,97,100,3.94
498,Qasigiannguit,GL,2022-03-13 21:59:14,68.8193,-51.1922,-4.65,95,100,3.44
499,Beira,MZ,2022-03-13 21:59:15,-19.8436,34.8389,78.89,88,40,2.3
500,College,US,2022-03-13 21:57:46,64.8569,-147.8028,14.2,33,0,5.75
501,Lamont,US,2022-03-13 21:59:15,35.2597,-118.9143,69.01,43,10,13.51
502,Svetlyy,RU,2022-03-13 21:59:16,54.675,20.1347,33.96,78,3,7.96
503,Arti,RU,2022-03-13 21:59:16,56.4234,58.5328,5.09,98,100,3.09
504,Gilgit,PK,2022-03-13 21:59:16,35.9221,74.3087,48.51,54,100,2.04
505,Mago,RU,2022-03-13 22:00:17,53.2514,140.1822,3.38,99,100,0.29
506,Kargil,IN,2022-03-13 22:00:18,34.5667,76.1,4.01,78,55,2.66
507,Maine-Soroa,NE,2022-03-13 22:00:18,13.2114,12.0241,76.26,15,100,8.84
508,Arlit,NE,2022-03-13 22:00:19,18.7369,7.3853,70.92,9,0,10.54
509,Aubenas,FR,2022-03-13 22:00:20,44.6201,4.3899,42.17,96,100,1.92
510,Barranca,PE,2022-03-13 22:00:21,-10.75,-77.7667,73.96,74,100,6.55
511,Willmar,US,2022-03-13 22:00:21,45.1219,-95.0433,40.8,65,0,6.91
512,Muisne,EC,2022-03-13 22:00:22,0.6,-80.0333,80.56,76,34,6.22
513,Dumas,US,2022-03-13 22:00:22,35.8656,-101.9732,73.54,9,0,26.46
514,Alice Springs,AU,2022-03-13 21:58:00,-23.7,133.8833,62.15,51,9,0.0
515,Salalah,OM,2022-03-13 21:58:18,17.0151,54.0924,73.63,66,80,2.71
516,Marquette,US,2022-03-13 22:00:23,46.5333,-87.6335,27.82,66,100,10.31
517,Mitchell,US,2022-03-13 21:58:23,43.7094,-98.0298,48.74,69,83,10.22
518,Emerald,AU,2022-03-13 22:00:24,-23.5333,148.1667,72.34,73,20,10.49
519,Baykit,RU,2022-03-13 22:00:25,61.67,96.37,-19.12,99,75,2.71
520,Banda Aceh,ID,2022-03-13 22:00:26,5.5577,95.3222,78.49,85,49,4.34
521,Cidreira,BR,2022-03-13 21:56:00,-30.1811,-50.2056,68.68,90,100,13.73
522,Okato,NZ,2022-03-13 22:00:28,-39.2,173.8833,64.9,66,100,5.06
523,Rockland,US,2022-03-13 22:00:15,41.1668,-74.0496,32.68,56,98,5.99
524,Birao,CF,2022-03-13 22:00:29,10.2849,22.7882,78.06,15,79,6.6
525,Verkhnevilyuysk,RU,2022-03-13 22:00:30,63.4453,120.3167,-8.72,99,100,2.3
526,Sistranda,NO,2022-03-13 22:00:30,63.7256,8.834,44.56,74,100,10.69
527,Tucurui,BR,2022-03-13 22:00:31,-3.7661,-49.6725,76.06,91,71,1.34
528,Raychikhinsk,RU,2022-03-13 22:00:31,49.7838,129.4121,-0.81,99,61,4.54
529,Nogliki,RU,2022-03-13 22:00:32,51.8333,143.1667,10.17,97,100,1.79
530,Kuito,AO,2022-03-13 22:00:33,-12.3833,16.9333,60.78,95,100,7.14
531,Tombouctou,ML,2022-03-13 22:00:33,20.0,-3.0,76.17,8,0,10.02
532,Matagami,CA,2022-03-13 22:00:34,49.7502,-77.6328,15.91,67,100,5.75
533,Ust-Nera,RU,2022-03-13 22:00:34,64.5667,143.2,-1.79,98,100,2.84
534,Klaksvik,FO,2022-03-13 22:00:35,62.2266,-6.589,43.72,93,100,25.03
535,Surab,PK,2022-03-13 22:00:35,28.4914,66.2585,64.67,34,97,5.17
536,Borogontsy,RU,2022-03-13 22:00:36,62.6683,131.1683,-11.47,100,100,0.6
537,Atasu,KZ,2022-03-13 22:00:37,48.6814,71.6433,23.41,96,100,10.85
538,Pierre,US,2022-03-13 22:00:38,44.3683,-100.351,61.05,36,100,25.99
539,Catamarca,AR,2022-03-13 22:00:39,-28.4696,-65.7852,75.78,63,66,1.01
540,Coahuayana,MX,2022-03-13 22:00:39,18.7333,-103.6833,85.32,44,1,7.36
541,Tautira,PF,2022-03-13 22:00:40,-17.7333,-149.15,80.85,75,91,8.52
542,Bad Doberan,DE,2022-03-13 22:00:41,54.1071,11.9005,44.11,41,0,14.94
543,Mentougou,CN,2022-03-13 22:00:42,39.9392,116.0917,36.54,73,19,1.66
544,Pacific Grove,US,2022-03-13 21:58:27,36.6177,-121.9166,68.22,72,69,5.99
545,Chegutu,ZW,2022-03-13 22:00:43,-18.1302,30.1407,63.55,87,18,3.71
546,Muncar,ID,2022-03-13 22:00:44,-8.4333,114.3333,76.15,90,100,2.24
547,Mackenzie,CA,2022-03-13 22:00:44,55.2999,-123.1698,21.72,92,100,5.19
548,San Jose,US,2022-03-13 21:58:34,37.3394,-121.895,70.56,48,75,18.41
549,Puerto Escondido,MX,2022-03-13 22:00:45,15.85,-97.0667,83.93,59,6,6.11
550,Bentiu,SS,2022-03-13 22:00:46,9.2333,29.8333,86.43,13,96,6.98
551,Yangambi,CD,2022-03-13 21:59:13,0.8102,24.4336,70.57,87,97,0.34
